Feature,Coefficient,Abs_Coefficient
visitor_type_encoded,283.31148247758387,283.31148247758387
year,267.66304278214784,267.66304278214784
covid_period,-206.83550341605488,206.83550341605488
country_encoded,-40.460696191478945,40.460696191478945
decade,-24.509425463626023,24.509425463626023
post_2000,-14.076701401267819,14.076701401267819
post_2010,-4.197868757249495,4.197868757249495
